Title,Company,Link,Reward
프론트엔드 개발자,글로지(GloZ),https://www.wanted.co.kr//wd/247394,합격보상금 100만원
프론트엔드 개발자,에디트콜렉티브,https://www.wanted.co.kr//wd/157174,합격보상금 100만원
프론트엔드 개발자,드림씨아이에스,https://www.wanted.co.kr//wd/247280,합격보상금 100만원
Frontend Engineer(5년 이상),제로엑스플로우,https://www.wanted.co.kr//wd/247555,합격보상금 100만원
프론트 앤드 개발자,에이피티플레이,https://www.wanted.co.kr//wd/247601,합격보상금 100만원
프론트엔드 개발,클로봇,https://www.wanted.co.kr//wd/247152,합격보상금 100만원
백엔드 및 웹 콘텐츠(프론트엔드) 개발자[5년 이상],미니게이트,https://www.wanted.co.kr//wd/245969,합격보상금 100만원
프론트 개발자,퀸텟시스템즈,https://www.wanted.co.kr//wd/247233,합격보상금 100만원
프론트엔드 개발자,글로지(GloZ),https://www.wanted.co.kr//wd/247394,합격보상금 100만원
프론트엔드 개발자,에디트콜렉티브,https://www.wanted.co.kr//wd/157174,합격보상금 100만원
프론트엔드 개발자,드림씨아이에스,https://www.wanted.co.kr//wd/247280,합격보상금 100만원
Frontend Engineer(5년 이상),제로엑스플로우,https://www.wanted.co.kr//wd/247555,합격보상금 100만원
프론트 앤드 개발자,에이피티플레이,https://www.wanted.co.kr//wd/247601,합격보상금 100만원
프론트엔드 개발,클로봇,https://www.wanted.co.kr//wd/247152,합격보상금 100만원
백엔드 및 웹 콘텐츠(프론트엔드) 개발자[5년 이상],미니게이트,https://www.wanted.co.kr//wd/245969,합격보상금 100만원
프론트 개발자,퀸텟시스템즈,https://www.wanted.co.kr//wd/247233,합격보상금 100만원
프론트엔드 개발자(5년차 이상),워드바이스,https://www.wanted.co.kr//wd/240957,합격보상금 100만원
Senior 프론트엔드 SW Engineer,파인더스에이아이,https://www.wanted.co.kr//wd/246375,합격보상금 100만원
Frontend Developer,미소(miso),https://www.wanted.co.kr//wd/247252,합격보상금 100만원
크레페 프론트엔드 개발자 (5년 이상),쿠키플레이스,https://www.wanted.co.kr//wd/246117,합격보상금 100만원
프론트엔드 개발자(5년 이상),긴트,https://www.wanted.co.kr//wd/199411,합격보상금 100만원
[뷰티AI] Frontend Engineer,앙트러리얼리티,https://www.wanted.co.kr//wd/247228,합격보상금 100만원
Frontend Developer,미소(miso),https://www.wanted.co.kr//wd/247252,합격보상금 100만원
프론트엔드 개발자(3년 이상),프라이데이즈랩(Retentics),https://www.wanted.co.kr//wd/191654,합격보상금 100만원
Frontend Engineer (6년 이상),아이브,https://www.wanted.co.kr//wd/238217,합격보상금 100만원
프론트 개발자,에이아이투유,https://www.wanted.co.kr//wd/245566,합격보상금 100만원
웹 서비스 프론트엔드 개발자 (5년 이상),엔닷라이트,https://www.wanted.co.kr//wd/241649,합격보상금 100만원
[병역특례] 프론트엔드 엔지니어 - 전문연구요원,로보코리아(LOVO Korea),https://www.wanted.co.kr//wd/245543,합격보상금 100만원
Software Engineer (Frontend),스튜디오씨드코리아(프로토파이),https://www.wanted.co.kr//wd/230255,합격보상금 100만원
Senior Frontend Engineer (FMS),포티투닷(42dot),https://www.wanted.co.kr//wd/193931,합격보상금 100만원
프론트엔드 개발자,휴스테이션,https://www.wanted.co.kr//wd/211387,합격보상금 100만원
React Native 프론트엔드 개발자 (3년 ~ 5년),부엔까미노,https://www.wanted.co.kr//wd/242514,합격보상금 100만원
가상자산서비스 프론트엔드 개발자,비댁스,https://www.wanted.co.kr//wd/180609,합격보상금 100만원
Frontend 개발(시니어),수퍼톤,https://www.wanted.co.kr//wd/244759,합격보상금 100만원
Frontend Engineer (5년 이상),알티엠,https://www.wanted.co.kr//wd/59566,합격보상금 100만원
SW 웹(Back-End / Front) PL개발자 (3년 이상 ~ 5년 이하),법틀,https://www.wanted.co.kr//wd/230779,합격보상금 100만원
웹 프론트엔드 개발,자이언트스텝,https://www.wanted.co.kr//wd/240996,합격보상금 100만원
[애디슨] 프론트엔드 엔지니어,엔비티(NBT),https://www.wanted.co.kr//wd/246218,합격보상금 100만원
Frontend Software Engineer,코코지,https://www.wanted.co.kr//wd/241350,합격보상금 100만원
"프론트엔드 개발자_React, Next.js(10년 이상)",윌로그,https://www.wanted.co.kr//wd/245717,합격보상금 100만원
프론트엔드 개발자(5~10년),짐싸(ZIMSSA),https://www.wanted.co.kr//wd/238200,합격보상금 100만원
프론트엔드 개발자(React-4년차 이상),스팬딧(Spendit),https://www.wanted.co.kr//wd/143749,합격보상금 100만원
프론트엔드 엔지니어 (미들 ~),픽소(PIXO),https://www.wanted.co.kr//wd/241611,합격보상금 100만원
지도 기반 기록 앱 프론트엔드 개발자(React Native/React),밴플,https://www.wanted.co.kr//wd/247247,합격보상금 100만원
[석사병역특례] 프론트엔드 개발자,에이아이스페라,https://www.wanted.co.kr//wd/245539,합격보상금 100만원
프론트엔드 개발(6년 이상),블록체인글로벌,https://www.wanted.co.kr//wd/239799,합격보상금 100만원
웹 프론트엔드 개발자(Core 개발 스쿼드),패스트파이브,https://www.wanted.co.kr//wd/229313,합격보상금 100만원
Frontend 개발자(5년),디지털워치독,https://www.wanted.co.kr//wd/235357,합격보상금 100만원
웹 프론트엔드 개발자 (AI 로봇 관제 솔루션),다임리서치,https://www.wanted.co.kr//wd/79146,합격보상금 100만원
프론트엔드 엔지니어 (React.js) 팀장급,매스어답션,https://www.wanted.co.kr//wd/232610,합격보상금 100만원
프론트엔드 개발자,버블콘,https://www.wanted.co.kr//wd/243870,합격보상금 100만원
프론트엔드(ReactJS) 개발자,일루넥스,https://www.wanted.co.kr//wd/242338,합격보상금 100만원
프론트엔드 개발자 (5년 이상),알서포트(Rsupport),https://www.wanted.co.kr//wd/197139,합격보상금 100만원
프론트엔드 개발자,패스트레인(여신티켓),https://www.wanted.co.kr//wd/237526,합격보상금 100만원
웹 서비스 개발자(프론트엔드) 6년이상,플루닛,https://www.wanted.co.kr//wd/245758,합격보상금 100만원
프론트엔드 개발,네오랩컨버전스(NeoLab),https://www.wanted.co.kr//wd/245604,합격보상금 100만원
프론트엔드 개발자(전문연구요원가능),베스텔라랩,https://www.wanted.co.kr//wd/231628,합격보상금 100만원
프론트엔드 리드 엔지니어,모두싸인,https://www.wanted.co.kr//wd/212583,합격보상금 100만원
프론트엔드 개발자,에이엠스퀘어,https://www.wanted.co.kr//wd/231331,합격보상금 100만원
프론트엔드 개발자,파워테스크,https://www.wanted.co.kr//wd/242849,합격보상금 100만원
프론트엔드 개발자 (7년 이상),중고나라,https://www.wanted.co.kr//wd/242157,합격보상금 100만원
[전문연구요원 가능] Frontend Engineer (VISION 팀),세이지,https://www.wanted.co.kr//wd/217825,합격보상금 100만원
프론트 개발자(5년 이상),디윅스,https://www.wanted.co.kr//wd/238718,합격보상금 100만원
Web Frontend 개발자,코인원(coinone),https://www.wanted.co.kr//wd/194430,합격보상금 100만원
프론트엔드 개발(5년 이상/리드급),이지테크핀,https://www.wanted.co.kr//wd/246951,합격보상금 100만원
Senior Frontend Engineer,아우름플래닛(Liner),https://www.wanted.co.kr//wd/210921,합격보상금 100만원
프론트엔드 시니어 개발자 (5년 이상),포지큐브(POSICUBE),https://www.wanted.co.kr//wd/240352,합격보상금 100만원
"프론트엔드 개발자(TypeScript, React) / 3~8년",식스티헤르츠,https://www.wanted.co.kr//wd/232117,합격보상금 100만원
